{"ctsEmployees":[
    {
    "name":"Ramesh Raju.V","id":479527
    },
    {
    "name":"Niranjan.S","id":479196
    },
    {
    "name":"Antony","id":479281
    },
    {
    "name":"Kishore","id":479140
    },
    {
    "name":"Guna","id":479285
    },
    {
    "name":"Ragavendran","id":479322
    },
    {
    "name":"Indu","id":479280
    },
    {
    "name":"Shyam","id":479162
    },
    {
    "name":"Srini","id":479506
    },
    {
    "name":"Kavitha","id":479502
    },
    {
    "name":"Dhivya","id":479276
    },
    {
    "name":"Prasanthi","id":479342
    },
    {
    "name":"Prathyusha","id":479454
    },
    {
    "name":"Giri","id":479299
    },
    {
    "name":"Jegan","id":479311
    },
    {
    "name":"Deeraj","id":479181
    },
    {
    "name":"Sakthi","id":479313
    },
    {
    "name":"Jaya Ragavendran","id":479522
    },
    {
    "name":"Valli","id":479304
    },
    {
    "name":"Ishwarya","id":479505
    },
    {
    "name":"Ponsindhuja","id":479346
    },
    {
    "name":"Sandhya","id":479289
    },
    {
    "name":"Viji","id":479294
    },
    {
    "name":"Ganesh","id":479168
    },
    {
    "name":"Priyanka","id":479564
    },
    {
    "name":"Sravani","id":479513
    },
    {
    "name":"jayanthee","id":479512
    },
    {
    "name":"Suba","id":479333
    },
    {
    "name":"Hema","id":479341
    }
]}