{"ctsEmployees":[
    {
    "name":"Ramesh Raju.V","id":479527,"url":"images/comedy_1.jpg"
    },
    {
    "name":"Niranjan.S","id":479196,"url":"images/comedy_2.jpg"
    },
    {
    "name":"Antony","id":479281,"url":"images/comedy_3.jpg"
    },
    {
    "name":"Kishore","id":479140,"url":"images/fiction_1.jpg"
    },
    {
    "name":"Guna","id":479285,"url":"images/fiction_1.jpg"
    },
    {
    "name":"Ragavendran","id":479322,"url":"images/fiction_1.jpg"
    },
    {
    "name":"Indu","id":479280,"url":"images/comedy_3.jpg"
    },
    {
    "name":"Shyam","id":479162,"url":"images/comedy_3.jpg"
    },
    {
    "name":"Srini","id":479506,"url":"images/comedy_3.jpg"
    },
    {
    "name":"Kavitha","id":479502,"url":"images/comedy_3.jpg"
    },
    {
    "name":"Dhivya","id":479276,"url":"images/comedy_3.jpg"
    },
    {
    "name":"Prasanthi","id":479342,"url":"images/comedy_3.jpg"
    },
    {
    "name":"Prathyusha","id":479454,"url":"images/comedy_3.jpg"
    },
    {
    "name":"Giri","id":479299,"url":"images/comedy_3.jpg"
    },
    {
    "name":"Jegan","id":479311,"url":"images/comedy_3.jpg"
    },
    {
    "name":"Deeraj","id":479181,"url":"images/comedy_3.jpg"
    },
    {
    "name":"Sakthi","id":479313,"url":"images/comedy_3.jpg"
    },
    {
    "name":"Jaya Ragavendran","id":479522,"url":"images/comedy_3.jpg"
    },
    {
    "name":"Valli","id":479304,"url":"images/comedy_3.jpg"
    },
    {
    "name":"Ishwarya","id":479505,"url":"images/comedy_3.jpg"
    },
    {
    "name":"Ponsindhuja","id":479346,"url":"images/comedy_3.jpg"
    },
    {
    "name":"Sandhya","id":479289,"url":"images/comedy_3.jpg"
    },
    {
    "name":"Viji","id":479294,"url":"images/comedy_3.jpg"
    },
    {
    "name":"Ganesh","id":479168,"url":"images/comedy_3.jpg"
    },
    {
    "name":"Priyanka","id":479564,"url":"images/comedy_3.jpg"
    },
    {
    "name":"Sravani","id":479513,"url":"images/comedy_3.jpg"
    },
    {
    "name":"jayanthee","id":479512,"url":"images/comedy_3.jpg"
    },
    {
    "name":"Suba","id":479333,"url":"images/comedy_3.jpg"
    },
    {
    "name":"Hema","id":479341,"url":"images/comedy_3.jpg"
    }
]}