{"productItems":[
{
        "url": "images/1.png",
        "Name": "Dell Inspiron 15 3542",
        "Price": "Rs32000"
    },
    {
        "url": "images/2.png",
        "Name": "HP 15-Roo6TU Laptop",
        "Price": "Rs.29190"
    }, 
{
        "url": "images/3.png",
        "Name": "Lenovo Ideapad G50",
        "Price": "Rs.37795"
    },
    {
        "url": "images/4.png",
        "Name": "HP 15-roo5TX Notebook",
        "Price": "Rs.33763"
    }, 
{
        "url": "images/5.png",
        "Name": "Dell Vostra 3446 Laptop",
        "Price": "Rs.29991"
    }, 
{
        "url": "images/6.png",
        "Name": "HP 15 ro36TU Laptop",
        "Price": "Rs.25487"
    },
    {
        "url": "images/7.png",
        "Name": "Lenovo Ideapad G50-30",
        "Price": "Rs.20698"
    },
    {
        "url": "images/8.png",
        "Name": "HP 15-007tu Portable Laptop",
        "Price": "Rs.30990"
    }
]}
